<?xml version="1.0" encoding="UTF-8"?>
<project-private xmlns="http://www.netbeans.org/ns/project-private/1">
    <editor-bookmarks xmlns="http://www.netbeans.org/ns/editor-bookmarks/2" lastBookmarkId="0"/>
    <open-files xmlns="http://www.netbeans.org/ns/projectui-open-files/2">
        <group>
            <file>file:/H:/U-AUBEN/U-AUBEN-L2/PROGRAMMATION%20EN%20JAVA/COURS%20JAVA%20L2IT/TP/reste_division/src/reste_division/reste_division.java</file>
            <file>file:/H:/U-AUBEN/U-AUBEN-L2/PROGRAMMATION%20EN%20JAVA/COURS%20JAVA%20L2IT/TP/reste_division/src/reste_division/Saisie.java</file>
        </group>
    </open-files>
</project-private>
